{
 "keys": [
  "a",
  "s",
  "d",
  "f",
  "g",
  "h",
  "j",
  "k",
  "l",
  ";",
  ",",
  "5",
  "m",
  "o",
  "2",
  "u",
  "x",
  "'",
  "9",
  "backspace",
  ".",
  "4",
  "d",
  "a",
  "e",
  "/",
  "n",
  "u",
  "g",
  "e",
  "2",
  "e",
  "g",
  "1",
  "o",
  "\\",
  "t",
  "f",
  "u",
  "4",
  "[",
  "i",
  "4",
  "i",
  "m",
  "1",
  "n",
  "m",
  "a",
  "5"
 ],
 "scales": [
  1.8200000000000007,
  1.6000000000000003,
  0.9399999999999993,
  0.5,
  0.7199999999999994,
  1.7100000000000004,
  0.5,
  0.6099999999999993,
  0.5,
  1.4900000000000002,
  0.5,
  0.5,
  0.5,
  0.5,
  0.5,
  0.5,
  0.5,
  0.5399999999999996,
  0.5,
  0.5,
  0.5,
  0.5,
  0.5,
  0.5,
  0.5,
  0.5,
  0.5,
  0.5,
  0.5,
  0.59,
  0.6299999999999997,
  0.6299999999999997,
  0.6299999999999997,
  0.6299999999999997,
  0.6299999999999997,
  0.6299999999999997,
  0.7399999999999997,
  0.6299999999999997,
  0.6299999999999997,
  0.6299999999999997,
  0.8499999999999999,
  0.8499999999999999,
  0.8499999999999999,
  0.8499999999999999,
  0.8499999999999999,
  0.99,
  0.99,
  0.99,
  0.99,
  0.99
 ],
 "used_words": [
  "ax",
  "dag",
  "daft",
  "dash",
  "sash",
  "sad",
  "hash",
  "aa",
  "e",
  "a",
  "as",
  "dae"
 ],
 "xp": 21
}