{
 "keys": [
  "a",
  "s",
  "d",
  "f",
  "g",
  "h",
  "j",
  "k",
  "l",
  ";",
  ".",
  "l",
  "g",
  ";",
  "s"
 ],
 "scales": [
  1.1900000000000002,
  1.1900000000000002,
  1.1900000000000002,
  0.8599999999999999,
  0.8599999999999999,
  1.08,
  0.8599999999999999,
  0.8599999999999999,
  0.8599999999999999,
  1.1900000000000002,
  0.99,
  0.99,
  0.99,
  0.99,
  0.99
 ],
 "used_words": [
  "sash",
  "dash",
  "dad"
 ],
 "xp": 11
}